Location,Name,Asset Status,Model,Serial Number,Date of Last Service,Last Service Description,Next Service Description,Next Service Due,
,Devonport Naval Base Auckland.,on,,,,,,,
,HMNZS Manawanui,,,,,,,,
,HMNZS Matataua,on,,,,,,,
,DUSS/ROV/DDS/MAKO Systems,on,,,,,,,
,Navigator Delta Systems,on,,,,,,,
,Navigator Delta D115,on,Navigator Delta, HRSA-40688,"Nov 19, 2024",2A Service and Upgrade,1A Service,"Nov 19, 2025",
,Navigator Delta D112 (Delta 2 Mod),on,Navigator Delta,HRSA-40655,"Nov 09, 2023",2A Servuce and D2 Upgrade.,1A Service,"Nov 09, 2024",
,Navigator Delta D113 (Delta 2 Mod),on,Navigator Delta,HRSA-40666,"May 29, 2023",1A Sevce and Upgrade to D2,1A Service,"May 29, 2024",
,Navigator Delta D114,on,Navigator Delta,HRSA-40677,"Aug 13, 2024",2A Service,1A Service,"Aug 13, 2025",
,Navigator Delta D180 (Delta 2 Mod).,on,Navigator Delta,HMSH-67249,"Feb 02, 2024",Repair and 2A Service,1A Service,"Feb 02, 2025",
,Navigator Delta D181 (Delta 2 Mod),on,Navigator Delta,HMSH-67250,"May 12, 2023",2A Service,1A Service,"May 12, 2024",
,Navigator Delta D182 (Delta 2 Mod),on,Navigator Delta,HMSH-67261,"Jun 12, 2024",Repair,2A Service,"May 12, 2024",
,Navigator Delta2  D404,on,Navigator Delta,ASHA-111158,"Jan 27, 2022",New,1A Service,"Jan 27, 2023",
,Navigator Delta2  D406,on,Navigator Delta,ASHA-111170,"Jan 27, 2022",New,1A Service,"Jan 27, 2023",
,Navigator Delta2  D407,on,Navigator Delta,ASHA-111181,"Aug 09, 2024",2A Service,1A Service,"Aug 09, 2025",
,Navigator Delta2  D405,on,Navigator Delta,ASHA-111169,"Oct 05, 2024",2A Service,1A Service,"Oct 05, 2025",
,Navigator Gamma Systems (Since Upgraded to Delta),,,,,,,,
,Navigator Accessories,on,,,,,,,
,Navigator Spares Kits,on,,,,,,,
,Navigator Batteries,on,,,,,,,
,Navigator Battery #2 (Manual Vent),,NBN-0002,SEHH-22240,"Jun 26, 2018",,Offline,,
,Navigator Battery #4 (Manual Vent),,NBN-0002,SEHH-22307,"Feb 15, 2019",,Offline,,
,Navigator Battery #1003 (Manual Vent),,NBN-0002,#1003,"Aug 03, 2017",Missing,Offline (Missing).,,
,Navigator Battery #5A (Manual Vent),,NBN-0002,SEHH-22329,"Mar 29, 2022",,Offline,,
,Navigator Battery #1A (Manual Vent),,NBN-0002,SEHH-22284,"Feb 15, 2019",,Offline,,
,Navigator Battery #2A (Manual Vent).,on,NBN-0002,SEHH-22318,"Mar 14, 2019",2A Service,2A Service,"Mar 13, 2020",
,Navigator Battery #5 (Manual Vent),,NBN-0002,#5,"May 04, 2014",Missing,Offline (Missing),,
,Navigator Battery #1002 (Auto Vent).,on,NBN0002-0,HHSH-26536 ,"May 12, 2023",1A Service & Repairs.,2A Service,"May 11, 2024",
,Navigator Battery #231 (Auto Vent),on,NBN0002-0,HRSU-42354,"May 12, 2023",1A Service and Repairs,2A Service,"May 11, 2024",
,Navigator Battery #230 (Auto Vent),on,NBN0002-0,HRSU-42343,"Jun 10, 2024",2A Service,1A Service,"Jun 09, 2024",
,Navigator Battery #1001 (Vented).,on,NBN-0002,HSSK-22947,"Aug 15, 2017",Battery Cycle,2A Service,"Aug 13, 2018",
,Navigator Battery #3A (Manual Vent),on,NBN-0002,SEHH-22295,"Feb 26, 2019",Service and Repairs,2A Service,"Feb 25, 2020",
,Navigator Battery #232 (Auto Vent),on,NBN0002-0,HRSU-42365,"Sep 21, 2020",2A Service,2A Service,"Sep 20, 2021",
,Navigator Battery #233 (Auto Vent),on,NBN0002-0,HRSU-42376,"Feb 03, 2022",1A Service,2A Service,"Feb 02, 2023",
,Navigator Battery #3 (Manual Vent),,NBN-0002,SEHH-22262,"Jun 26, 2018",,Offline,,
,Navigator Battery #852 (Auto Vent),on,NBN0002-0,HRSB-93350,"May 12, 2023",Repairs,2A Service,"May 11, 2020",
,Navigator Battery #853 (Auto Vent),on,NBN0002-0,HRSB-93361,"Dec 20, 2019",New,2A Service,"Dec 19, 2020",
,Navigator Battery #854 (Auto Vent),on,NBN0002-0,HRSB-93439,"Nov 20, 2024",2A Service,1A Service,"Nov 21, 2025",
,Navigator Battery #855 (Auto Vent),on,NBN0002-0,HRSB-93372,"Dec 20, 2019",New,2A Service,"Dec 19, 2020",
,Navigator Battery #850 (Auto Vent),on,NBN0002-0,HRSM-92438,"Oct 29, 2019",New,2A Service,"Oct 28, 2020",
,Navigator Battery #856 (Auto Vent),on,NBN0002-0,HRSB-93394,"Jan 31, 2025",2A Service,1A Service,"Jan 31, 2026",
,Navigator Battery #857 (Auto Vent),on,NBN0002-0,HRSB-93383,"Jan 30, 2025",2A Service,1A Service,"Jan 30, 2026",
,Navigator Battery #858 (Auto Vent),on,NBN0002-0,HRSB-93406,"Jan 31, 2020",1A Service,2A Service,"Jan 30, 2021",
,Navigator Battery #859 (Auto Vent),on,NBN0002-0,HRSB-93417,"Jan 30, 2025",2A Service,1A Service,"Jan 30, 2026",
,Navigator Battery #860 (Auto Vent),on,NBN0002-0,HRSB-93428,"Feb 03, 2022",1A Service,2A Service,"Feb 03, 2023",
,Navigator Battery #863 (Auto Vent),on,NBN0002-0,HRSB-94373,"Dec 19, 2019",New,2A Service,"Dec 18, 2020",
,Navigator Battery #864 (Auto Vent),on,NBN0002-0,HRHS-94384,"Dec 19, 2019",New,2A Service,"Dec 18, 2020",
,Navigator Battery #865 (Auto Vent),on,NBN0002-0,HRHS-94395,"May 12, 2023",1A Service,2A Service,"May 11, 2024",
,Navigator Battery #866 (Auto Vent),on,NBN0002-0,HRHS-94407,"Dec 19, 2019",New,2A Service,"Dec 18, 2020",
,Navigator Battery #867 (Auto Vent),on,NBN0002-0,HRHS-94418,"Dec 19, 2019",New,2A Service,"Dec 18, 2020",
,Navigator Battery #868 (Auto Vent),on,NBN0002-0,HRHS-94429,"Nov 22, 2024",2A Service,1A Service,"Nov 21, 2025",
,Navigator Battery #869 (Auto Vent),on,NBN0002-0,HRHS-94430,"May 12, 2023",1A Service,2A Service,"May 11, 2024",
,Navigator Battery #870 (Auto Vent),on,NBN0002-0,HRHS-94441,"Dec 19, 2019",New,2A Service,"Dec 18, 2020",
,Navigator Battery #871 (Auto Vent),on,NBN0002-0,HRHS-94452,"Jun 20, 2022",2A Service,2A Service,"Jun 20, 2023",
,Navigator Battery #872 (Auto Vent),on,NBN0002-0,HRHS-94463,"Jun 20, 2022",2A Routine Service,2A Service,"Jun 19, 2023",
,Navigator Battery #873 (Auto Vent),on,NBN0002-0,HRHS-94474,"Dec 19, 2019",New,2A Service,"Dec 18, 2020",
,Navigator Battery #977 (Auto Vent),on,NBN0002-0,ASHS-106696,"May 01, 2021",New,2A Service,"May 01, 2022",
,Navigator Battery #986 (Auto Vent),on,NBN0002-0,ASHS-106785,"Jul 27, 2022",New,2A Service,"Jan 26, 2023",
,Navigator Battery #987 (Auto Vent),on,NBN0002-0,ASHS-106796,"Jan 27, 2022",New,2A Service,"Jan 26, 2023",
,Navigator Battery #991 (Auto Vent),on,NBN0002-0,ASHS-106830,"Jan 27, 2022",New,2A Service,"Jan 26, 2023",
,Navigator Battery #980 (Auto Vent),on,NBN0002-0,ASHS-106729,"Jan 27, 2022",New,2A Service,"Jan 26, 2023",
,Navigator Battery #981 (Auto Vent),on,NBN0002-0,ASHS-106730,"Jan 30, 2025",2A Service,1A Service,"Jan 30, 2026",
,Navigator Battery #988 (Auto Vent),on,NBN0002-0,ASHS-106807,"Jan 27, 2022",New,2A Service,"Jan 26, 2023",
,Navigator Battery #982 (Auto Vent),on,NBN0002-0,ASHS-106741,"Aug 09, 2022",Repair,2A Service,"Aug 08, 2023",
,Navigator Battery #983 (Auto Vent),on,NBN0002-0,ASHS-106752,"Jan 27, 2022",New,2A Service,"Jan 26, 2023",
,Navigator Battery #989 (Auto Vent),on,NBN0002-0,ASHS-106818,"Jan 27, 2022",New,2A Service,"Jan 26, 2023",
,Navigator Battery #984 (Auto Vent),on,NBN0002-0,ASHS-106763,"Jan 30, 2025",2A Service,1A Service,"Jan 30, 2026",
,Navigator Battery #985 (Auto Vent),on,NBN0002-0,ASHS-106774,"Jan 27, 2022",New,2A Service,"Jan 26, 2023",
,Navigator Battery #990 (Auto Vent),on,NBN0002-0,ASHS-106829,"Jan 27, 0202",New,2A Service,"Jan 26, 2023",
,Navigator Battery (Auto Vent).,on,NBN0002-0,ASHS-106929 ,"Jan 27, 2022",New,2A Service,"Jan 26, 2023",
,Navigator Battery #1147 (Auto Vent).,on,NBN0002-0,ARSK-134953,"Sep 08, 2023",New,1A Service,"Sep 07, 2024",
,Navigator Sonars,on,,,,,,,
,P450-45-I #303,on,P450-45-I,303,"Feb 04, 2022",1A Sonar Checks.,2A Sonar Service and Checks.,"Feb 04, 2023",
,Navigator Sonar P900-45 #304,,P900-45-I,304,"Jun 20, 2022",2A Sonar Service and Checks.,1A Sonar Service and Checks.,,
,P900-45 #302,on,P900-45-I,302,"Apr 12, 2019",Repair - J3557.,2A Sonar Service and Checks.,"Apr 12, 2021",
,P900E-20 #00226,on,P900E-20,#00226,"May 13, 2021",2A Sonar Check and Service,1A Sonar Check and Service,"May 13, 2022",
,P450-45-I #2325,on,P450-45-I,#2325,"Sep 15, 2020",2A Sonar Service and Check,1A Sonar Service and Check,"Sep 15, 2021",
,P450-45-I #302,on,P450-45-I,#302,"May 12, 2023",1A Sonar Service and Checks.,2A Sonar Checks,"May 12, 2024",
,M450-130 #3884,on,M450-130-S-MKS10,#3884,"Jul 11, 2020",2A Sonar Service and Checks.,1A Sonar Service and Checks.,"Jul 11, 2021",
,M450-130 #3846,on,M450-130,#3846,"Jan 22, 2019",New,1A Sonar Service and Checks.,"Jan 22, 2020",
,S900/2250-130/45,on,NVSM2130-0,2019012,"May 12, 2023",2A Sonar Service and Checks.,1A Sonar Checks.,"May 12, 2024",
,S900/2250-130/45,on,NVSM2130-0,2019014,"Aug 13, 2024",2A Sonar Service and Checks.,1A Sonar Service and Checks.,"Aug 14, 2024",
,S900/2250-130/45  S160,on,NVSS2130-0 S Series,4120104,"Nov 15, 2024",2A Service,1A Sonar Service and Checks.,"Nov 20, 2025",
,S900/2250-130/45  S168,on,NVSS2130-0 S Series,4120107,"Jan 31, 2021",New,1A Sonar Service and Checks.,"Jan 31, 2022",
,S900/2250-130/45,on,NVSS2130-0,5120038,"May 31, 2023",1A Sonar Service and Checks.,2A Sonar Service and Checks.,"May 31, 2024",
,S900/2250-130/45,on,NVD2000-S130,0921005,"Jan 20, 2022",New,1A Sonar Service and Checks.,"Jan 20, 2023",
,S900/2250-130/45,on,NVD2000-S130,0921006,"Jan 24, 2022",New,1A Sonar Service and Checks.,"Jan 24, 2023",
,S900/2250-130/45,on,NVD2000-S130,4420001,"Jan 24, 2022",New,1A Sonar Service and Checks.,"Jan 24, 2023",
,S900/2250-130/45,on,NVD2000-S130,5120040,"Jan 24, 2022",New,1A Sonar Service and Checks.,"Jan 24, 2023",
,S900/2250-N130/45 MK2 ,on,NV552130-0,0723014,"Jan 03, 2024",New,1A Service,"Jan 03, 2025",
,Navigator Cameras,on,,,,,,,
,Navigator SV-USB Camera #2,on,NCAM2000,SEHA-22442,"Sep 15, 2020",2A Camera Service,1A Camera Service,"Sep 15, 2021",
,Navigator SV-USB Camera #4,on,NCAM2000,SEHA-22419,"May 12, 2023",1A Camera Service,2A Camera Service,"May 12, 2024",
,Navigator HD Digital Camera #6,on,NCAM3000,HMSU-73695,"Jan 27, 2022",1A Camera Service,2A Camera Service,"Jan 27, 2023",
,Navigator HD Digital Camera,on,NCAM3000,HASE-80648,"Feb 03, 2020",New,1A Camera Service,"Feb 03, 2021",
,Navigator HD Digital Camera,on,NCAM3000,HMSH-66989,"Nov 09, 2023",2A Camera Service,1A Camera Service,"Nov 09, 2024",
,Navigator HD Digital Camera,on,NCAM3000,HMSU-73154,"Feb 03, 2020",New,1A Camera Service,"Feb 03, 2021",
,Navigator HD Digital Camera,on,NCAM3000,HASE-80615,"Feb 03, 2020",New,1A Camera Service,"Feb 03, 2021",
,Navigator HD Digital Camera,on,NCAM3000,HASE-80693,"Feb 03, 2020",New,1A Camera Service,"Feb 03, 2021",
,Navigator HD Digital Camera,on,NCAM3000,HASE-80659,"Feb 03, 2020",New,1A Camera Service,"Feb 03, 2021",
,Navigator USB HD Digital Camera,on,NCAM3000,HRHS-94160,"Jan 24, 2022",New,1A Camera Service,"Jan 24, 2023",
,Navigator USB HD Digital Camera,on,NCAM3000,HRHS-94272,"Jan 24, 2022",New,1A Camera Service,"Jan 24, 2023",
,Navigator USB HD Digital Camera,on,NCAM3000,HRHS-94137,"Jan 24, 2022",New,1A Camera Service,"Jan 24, 2023",
,Navigator USB HD Digital Camera,on,NCAM3000,HRHS-94317,"Jan 24, 2022",New,1A Camera Service,"Jan 24, 2023",
,Navigator USB HD Digital Camera,on,NAVCAM 3,AHSB-118422,"Sep 08, 2023",New,1A Camera Service,"Sep 08, 2024",
,Navigator Floating GPS ,on,GPSS0000-0,,,,,,
, Floating GPS # SEHA-22554,on,GPSS0000-0,SEHA-22554,"Jun 13, 2018",Repair,Scheduled Preventative Maintenance Programme,"Jun 13, 2020",
,Floating GPS # SESE-21755,on,GPSS0000-0,SESE-21755,"Nov 12, 2019",Repair,Scheduled Preventative Maintenance Programme,"Jan 12, 2021",
,Floating GPS # SESE-21777,,GPSS0000-0,SESE-21777,"Nov 12, 2019",Offline,Offline,,
,Floating GPS # HRSE-44299,on,GPSS0000-0,HRSE-44299,"Jan 13, 2025",2A Service & Repair,2A Service,"Jan 12, 2027",
,Floating GPS # HRSR-40790,on,GPSS0000-0,HRSR-40790,"May 13, 2025",2A Service and Repairs.,2A Service,"Jan 12, 2027",
,Floating GPS # HRSR-40969,on,GPSS0000-0,HRSR-40969,"Oct 05, 2018",2A Service,Scheduled Preventative Maintenance Programme,"Oct 05, 2020",
,Floating GPS # HASU-36717,,GPSS0000-0,HASU-36717,,Offline,Offline,,
,Floating GPS # HRSE-44389,,GPSS0000-0,HRSE-44389,,Offline,Offline,,
,Floating GPS # HRSR-40914,on,GPSS0000-0,HRSR-40914,"Jan 15, 2016",2A Service,Scheduled Preventative Maintenance Programme,"Jan 15, 2018",
,Floating GPS # HMSN-69487,on,GPSS0000-0,HMSN-69487,"Jan 13, 2025",2A Service,2A Service,"Jan 12, 2027",
,Floating GPS # HUSE-60220,on,GPSS0000-0,HUSE-60220,"Jan 13, 2025",2A Service & Repairs,2A Service,"Jan 12, 2027",
,Floating GPS # HAHS-81447,on,GPSS0000-0,HAHS-81447,"Apr 04, 2019",New,Scheduled Preventative Maintenance Programme,"Apr 04, 2021",
,Navigator Floating GPS Extension Kit - Case 2A,on,FGPS0000,2A,"Feb 03, 2020",New,Scheduled Preventative Maintenance Programme,"Feb 03, 2022",
,Navigator Floating GPS Extension Kit - Case 2B,on,FGPS0000,2B,"Feb 03, 2020",New,Scheduled Preventative Maintenance Programme,"Feb 03, 2022",
,Floating GPS # HAHS-81515,on,GPSS0000-0,HAHS-81515,"Feb 03, 2020",New,Scheduled Preventative Maintenance Programme,"Feb 03, 2022",
,Floating GPS # HAHS-81481,on,GPSS0000-0,HAHS-81481,"Feb 03, 2020",New,Scheduled Preventative Maintenance Programme,"Feb 03, 2022",
,Floating GPS # HRSE-39574,on,NAVGPSX,HRSE-39574,"Sep 15, 2020",New,Scheduled Preventative Maintenance Programme,"Sep 15, 2022",
,Floating GPS # AHSR-113316,on,GPSS0000-0,AHSR-113316,"Jul 27, 2021",New,Scheduled Preventative Maintenance Programme,"Jul 27, 2023",
,Floating GPS # AHSR-113272,on,GPSS0000-0,AHSR-113272,"Jan 02, 2022",New,Scheduled Preventative Maintenance Programme,"Jan 02, 2024",
,Floating GPS # AHSR-113283,on,GPSS0000-0,AHSR-113283,"Jan 13, 2025",2A Servce,2A Service,"Jan 12, 2027",
,Floating GPS # AHSR-113294,on,GPSS0000-0,AHSR-113294,"Jan 02, 2022",New,Scheduled Preventative Maintenance Programme,"Jan 02, 2024",
,Floating GPS # AHSR-113305,on,GPSS0000-0,AHSR-113305,"Jan 02, 2022",New,Scheduled Preventative Maintenance Programme,"Jan 02, 2024",
,Navigator Battery Chargers,,"NBC0003, NBC0003 (R2) (uplink)",,,,,,
,Navigator Surface GPS.,on,P/N: NGPS0000,,,,,,
,Surface Flip GPS #1 - HKSN-50128,on,NGPS0000,HKSN-50128,"Jun 20, 2018",Part of 2A Service and Maintenance.,"1A Service and Check, as per Manual",,
,Surface Flip GPS #2 - HKSN-50117,on,NGPS0000,HKSN-50117,"Jun 20, 2018",Part of 2A Service and Checks.,"1A Service and Check, as per Manual",,
,Surface Flip GPS #HKSM-50140,on,SGPS0001-0,HKSM-50140,"Oct 16, 2020","1A Service and Check, as per Manual","1A Service and Check, as per Manual",,
,Surface Flip GPS #HKSM-50151,on,SGPS0001-0,HKSM-50151,"May 12, 2023","1A Service and Check, as per Manual","1A Service and Check, as per Manual",,
,Surface Flip GPS #HASE-80862,on,SGPS1000,HASE_80862,"Oct 02, 2018",New,"1A Service and Check, as per Manual",,
,Surface Flip GPS #HASE-80884,on,SGPS1000,HASE 80884,"Oct 02, 2018",New,"1A Service and Check, as per Manual",,
,Surface Flip GPS #HASE-80895,on,SGPS1000,HASE-80895,"Oct 02, 2018",New,"1A Service and Check, as per Manual",,
,Surface Flip GPS #HASE-80918,on,SGPS1000,HASE-80918,"Oct 02, 2018",New,"1A Service and Check, as per Manual",,
,Surface Flip GPS #HASE-80963,on,SGPS1000,HASE-80963,"Oct 02, 2018",New,"1A Service and Check, as per Manual",,
,Surface Flip GPS ASSM-100978,,SGPS1000,ASSM-100978,,Offline,Offline,,
,Surface Flip GPS ASSM-101124,on,SGPS1000,ASSM-101124,"Jan 24, 2022",New,"1A Service and Check, as per Manual",,
,Surface Flip GPS ASSM-101179,on,SGPS1000,ASSM-101179,"Jan 24, 2022",New,"1A Service and Check, as per Manual",,
,Surface Flip GPS ASSM-101079,,SGPS1000,ASSM-101079,,Offline,Offline,,
,Surface Flip GPS AHHS-121026,on,SGPS1000,AHHS-121026,"Oct 07, 2022",New,"1A Service and Check, as per Manual",,
,Surface Flip GPS AHHS-120847,on,SGPS1000,AHHS-120847,"Oct 07, 2022",New,"1A Service and Check, as per Manual",,
,Surface Flip GPSASSM-121026,on,SGPS1000,ASSM-121026,"Jan 24, 2022",New,"1A Service and Check, as per Manual",,
,Navigator LBL Sets,on,,,,,,,
,Navigator DNS,on,DNS,,,,,,
,Navigator Altimeter,on,,,,,,,
,DiveLog ToughBooks CF-54H1635VA,on,CF-54H1635VA,,,,,,
,DiveLog Security Dongles,on,USB 905-687-6672,As listed:-,,,,,
,Panasonic Toughbooks for DF2 Divelog,on,,,,,,,
,Navigator LiPo Batteries,on,11116900,,,,,,
,Navigator LiPo Battery #017,on,11116900,AHSM-117332,"Jun 20, 2022",New,2 Year Preventative Maintenance Programme,"Jun 20, 2024",
,Navigator LiPo Battery #018,on,11116900,AHSM-117343,"Jun 20, 2022",New,2 Year Preventative Maintenance Programme,"Jun 20, 2024",
,Navigator LiPo Battery #019,on,11116900,AHSM-117354,"Jun 20, 2022",New,2 Year Preventative Maintenance Programme,"Jun 20, 2024",
,Navigator LiPo Battery #020,on,11116900,AHSM-117365,"Jun 20, 2022",New,2 Year Preventative Maintenance Programme,"Jun 20, 2024",
,Navigator LiPo Battery #021,on,11116900,AHSM-117376,"Jun 20, 2022",New,2 Year Preventative Maintenance Programme,"Jun 20, 2024",
,Navigator LiPo Battery #022,on,11116900,AHSM-117387,"Jun 20, 2022",New,2 Year Preventative Maintenance Programme,"Jun 20, 2024",
,Navigator LiPo Battery #023,on,11116900,AHSM-117398,"Jun 20, 2022",New,2 Year Preventative Maintenance Programme,"Jun 20, 2024",
,Navigator LiPo Battery #024,on,11116900,AHSM-117409,"Jun 20, 2022",New,2 Year Preventative Maintenance Programme,"Jun 20, 2024",
,Navigator LiPo Battery Chargers,on,11117071,,,,,,
,Rapid Beach Profiling System,on,NAVRBPS,,,,,,
,Navigator Magnetometer Probe #SBHA-20428,on,SDM-4000   9600 bauds,SBHA-20428,"Oct 05, 2018",2A Service,1A Service and Checks.,"Oct 05, 2019",
,Divelog Desktop Software,on,,,,,,,
,MAKO DIVER DELIVERY SYSTEM,on,MAKO mk.6,,,,,,
,MAKO#1 DDS,on,"11112568 (6 thruster model), MAKO  mk.6 ",HKSU-49665,"Aug 31, 2023",2A Service,1A Service,"Aug 31, 2024",
,MAKO Thruster (DW),on,11116009,672-PAH	,"Aug 31, 2023",2A Service,1A Service,"Aug 31, 2024",
,MAKO Thruster (DW),on,11116009,667-PFH,"Aug 31, 2023",2A Service,1A Service,"Aug 31, 2024",
,MAKO Thruster (DW),on,11116009,669-PFV,"Aug 31, 2023",2A Service,1A Service,"Aug 31, 2024",
,MAKO Thruster (DW),on,11116009,675-SAH,"Aug 31, 2023",2A Service,1A Service,"Aug 31, 2024",
,MAKO Thruster (DW),on,11116009,592-SFH,"Aug 31, 2023",2A Service,1A Service,"Aug 31, 2024",
,MAKO Deepwater Thruster - LH Rotation,on,11116009,AHSU-116264,"Aug 31, 2023",2A Service,1A Service,"Aug 31, 2024",
,MAKO GPS Pole,on,11113635,HKSE-51062,"Aug 31, 2023",2A Service,1A Service,"Aug 31, 2024",
,MAKO Control Box,on,11113119,HNHA-55392,"Aug 31, 2023",2A Service,1A Service,"Aug 31, 2024",
,MAKO#2 DDS,on,"11112568 (6 thruster model), MAKO mk.6",HRSM-92955,"Oct 27, 2022",2A Service,1A Service,"Oct 27, 2023",
,MAKO Thruster (NDW),on,11116009,ASSM - 126943,"Oct 27, 2022",1A Service,1A Service,"Oct 27, 2023",
,MAKO Thruster (NDW),on,11116009,AASM - 126965,"Oct 27, 2022",2A Service,1A Service,"Oct 27, 2023",
,MAKO Thruster (NDW),on,11116009,AASM - 126954,"Oct 27, 2022",2A Service,1A Service,"Oct 27, 2023",
,MAKO Thruster (NDW),on,11116009,AASM-126932,"Oct 27, 2022",2A Service,1A Service,"Oct 27, 2023",
,MAKO Thruster (NDW),on,11116009,AASM - 126987,"Oct 27, 2022",2A Service,1A Service,"Oct 27, 2023",
,MAKO Thruster Control Box,on,11114603  (11114587),HKSE-50566,"Oct 18, 2024",2A Service,1A Service,"Oct 18, 2025",
,MAKO Control Box,on,11113119,HRHS-93855,"Oct 27, 2022",2A Service,1A Service,"Oct 27, 2023",
,MAKO GPS Pole,on,11114327  (11113635),HKHS-51703,"Oct 27, 2022",2A Service,1A Service,"Oct 27, 2023",
,MAKO Thruster (NDW),on,11116009,AHSU-116342,"Oct 27, 2022",New,1A Service,"Oct 27, 2023",
,MAKO Battery Pods,on,11112599,,,,,,
,MAKO Battery Pod 595,on,11112599,HKSA-47595,"Sep 06, 2021",1A Service,2A,"Sep 06, 2022",
,MAKO Battery Pod 607*,on,11112599,HKSA-47607,"Sep 04, 2023",2A Service & New Batteries.,1A Service,"Sep 04, 2024",
,MAKO Battery Pod 618*,on,11112599,HKSA-47618,"Sep 04, 2023",2A Service & New Batteries.,1A Service,"Sep 04, 2024",
,MAKO Battery Pod 629,,11112599,HKSA-47629,"Sep 04, 2023",Offline,1A Service,,
,MAKO Battery Pod 630,on,11112599,HKSA-47630,"Sep 06, 2021",1A Service,2A Service,"Sep 06, 2022",
,MAKO Battery Pod 641,on,11112599,HKSA-47641,"Sep 06, 2021",1A Service,2A Service,"Sep 06, 2022",
,MAKO Battery Pod 652,on,11112599,HKSA-47652,"Sep 06, 2021",1A Service,2A Service,"Sep 06, 2022",
,MAKO Battery Pod 663*,on,11112599,HKSA-47663,"Sep 04, 2023",2A and Replace Batteries.,1A Service,"Sep 04, 2024",
,MAKO Battery Pod 991 Spare,on,11112599,HKSM-49991,"Apr 03, 2017",2A Service,In 2A Service Now.,"Apr 03, 2022",
,MAKO Battery Pod - HNSR-56663,on,11112599,HNSR-56663,,,,,
,MAKO Battery Chargers,on,11112499,,,,,,
,MAKO DDS Accessories Kit,on,,,,,,,
,BARRACUDA ROV SYSTEM,on,BARRACUDA - P/N 11114259,HNSR-56900 (vehicle),,,,,
,BARRACUDA ROV VEHICLE,on,Barracuda,HNSR-56900,"Apr 06, 2024",2A Service,1A,"Apr 05, 2025",
,"MANIPULATOR, DUAL FUNCTION",on,,,,,,,
,Thruster Model 560,,560,314-815(DEFECTIVE,,Offline,Offline,,
,AURORA LEDs.,on,AURORA-4,"HNSE-54560, HNSE-54548","Apr 06, 2024",2A Service,1A Service.,"Apr 06, 2025",
,Multi-Beam Sonar (Barracuda),on,M900/2230,#3032,"Nov 22, 2024",Repair,1A Service,"Nov 22, 2025",
,"GPS, Pole Mount, ROV",on,SGPS 0000,HNSR-52074,"Apr 06, 2024",2A Service,1A Service,"Apr 06, 2025",
,Thruster Model 560,on,560,314-1025. ,"Apr 06, 2024",2A Service,1A Service,"Apr 06, 2025",
,Thruster Model 560,on,560,314-1025,"Apr 06, 2024",2A Service ,1A Service,"Apr 06, 2025",
,Thruster Model 560,on,560,314-1030,"Apr 06, 2024",2A Service ,1A Service,"Apr 06, 2025",
,Thruster Model 560,on,560,"314-1034, ","Apr 06, 2024",2A Service,1A Service,"Apr 06, 2025",
,Thruster Model 560,on,560,314-1026,"Apr 06, 2024",2A Service,1A Service ,"Apr 06, 2025",
,BARRACUDA UMBILICAL CABLES,on,,,,,,,
,BARRACUDA Cable Reel Assembly,on,CR2-2424-M,HNSU-58890,"Apr 06, 2024",2A Service and Checks.,1A Service,"Apr 06, 2025",
,BARRACUDA 100M UMBILICAL CABLE ASSEMBLY,on,100Metre Umbilical Drwg11114870,,"Apr 06, 2024",2A Service and Checks,1A Service,"Apr 06, 2025",
,BARRACUDA 7.5M Deck Cable Assembly,on,7.5Metre Umbilical Drwg 11114870,,"Apr 06, 2024",2A Service and Checks,1A Service,"Apr 06, 2025",
,TRACKLINK 1500LC SYSTEM,on,TL-1500LC,,,,,,
,TRACKLINK TRANSCEIVER 1500LC,on,1500LC,#014668,"Apr 06, 2024",New,2A Service and Checks.,"Apr 06, 2025",
,TRACKLINK TRANSPONDER 1505B,on,1505B,#011346,"Apr 06, 2024",New,2A Service and Checks.,"Apr 06, 2025",
,TOPSIDE CONTROLLER Mk111,on,Mk3,HNSU-58711,"Apr 06, 2024",2A Service,1A Service,"Apr 06, 2025",
,ROV TRANSFORMER 115/230 VAC 2 KVA,on,,HNSU-58889,"Aug 12, 2024",2A Service ,2A Service,"Aug 12, 2026",
,"HEADING,PITCH,ROLL SENSOR ASSEMBLY",on,HPR Sensor,HNSU-58957,"Apr 06, 2024",2A Service,1A Service,"Apr 06, 2025",
,BARRACUDA QUICK RELEASE & RECOVERY HOOK,,,,,,Offline,,
,ROV ACCESSORY CASE,on,,,,,,,
,COMPREHENSIVE SPARE PARTS KIT,on,,,,,,,
,BARRACUDA PROSTICK ROV CONTROLLER,on,11114066,HNSN-52782,"Apr 06, 2024",2A Service,1A Service,"Apr 06, 2025",
,REMUS 100 AUV Systems.,on,,,,,,,
,REMUS 01335 - Scar,on,R100,01335,"Mar 07, 2023",2A REMUS RFM Maintenance,2A REMUS RFM Maintenance ,"Mar 07, 2025",
,REMUS 01384 - Snowflake,on,R100,01384,"Aug 15, 2024",New IMU and Service,2A Service,"Aug 15, 2026",
,REMUS 01358 - Grief,on,R100,01358,"Oct 22, 2024",2A REMUS RFM Maintenance,2A REMUS RFM Maintenance,"Oct 22, 2026",
,REMUS 01336 - Hollywood,on,R100,01336,"Sep 02, 2024",2A REMUS RFM Maintenance,2A REMUS RFM Maintenance,"Sep 02, 2026",
,REMUS 01448 - Puriri,,R100,01448,"May 12, 2023",2A REMUS RFM Maintenance,2A REMUS RFM Maintenance,,
,REMUS 01449 - Watchdog,on,R100,01449,"Jul 03, 2024",2A REMUS RFM Maintenance,2A REMUS RFM Maintenance,"Jul 03, 2026",
,REMUS Accessories,on,,,,,,,
,Transponders,on,102610,,,,,,
,Transponder 4F,on,102610-1,#566,"Aug 02, 2016",New,2A Transponder Service,"Aug 02, 2018",
,Transponder 4E,on,102610,#713,"Mar 19, 2021",New End-cap.,2A Transponder Service,"Mar 19, 2023",
,Transponder 4A,on,102610-1,#626,"Mar 19, 2021",New End-cap,2A Transponder Service,"Mar 19, 2023",
,Transponder 4C,on,102610-1,#624,"Nov 01, 2007",New,2A Transponder Service,"Nov 01, 2009",
,Transponder 4D,on,102610-1,#625,"Nov 01, 2007",New,2A Transponder Service,"Nov 01, 2009",
,Transponder 4G,on,102610,#715,"Nov 01, 2007",New,2A Transponder Service,"Nov 01, 2009",
,Transponder 4H,on,102610,#716,"Nov 01, 2007",New,2A Transponder Service,"Nov 01, 2009",
,Transponder 4B,on,102610-1-2 ,#1354,"Mar 10, 2016",New,2A Transponder Service,"Nov 01, 2009",
,Transponder DT4A*,on,102610-1-1,#1677,"Jan 13, 2020",New,2A Transponder Service,"Jan 13, 2022",
,Transponder DT4B*,on,102610-1-2,#1678,"Jan 13, 2020",New,2A Transponder Service,"Jan 13, 2022",
,Transponder DT4C*,on,102610-1-3,#1679,"Jan 13, 2020",New,2A Transponder Service,"Jan 13, 2022",
,Transponder DT4D*,on,102610-1-4,#1680,"Jan 13, 2020",New,2A Transponder Service,"Jan 13, 2022",
,REMUS Ranger Systems.,on,150521,,,,,,
,REMUS Ranger Towfish,on,102042,,,,,,
,REMUS Ranger Towfish S/N 2179(U/S),,ASSY TOWFISH 25 FT CABLE,2179,"Feb 25, 2016",Offline,Offline,"Feb 25, 2018",
,REMUS Ranger Towfish S/N 2240,on,ASSY TOWFISH 25 FT CABLE,2240,"Dec 05, 2017",System Check.,2A Service,"Dec 05, 2019",
,REMUS Ranger Towfish S/N 2256,on,ASSY TOWFISH 25 FT CABLE,2256,"Dec 05, 2017",System Check,2A Service,"Dec 05, 2017",
,REMUS Ranger Towfish S/N 409 (U/S),,ASSY TOWFISH 25 FT CABLE,409,"Dec 11, 2023",Offline,Offline,"Dec 11, 2025",
,REMUS Ranger Towfish S/N 2395 (U/S),,102042-1 RevK,2395,"Aug 08, 2018",System Check,2A Service,"Aug 09, 2020",
,REMUS Ranger Towfish S/N 2127,on,102042-1,2127,"Dec 05, 2017",2A Service,System Check,"Dec 05, 2019",
,REMUS Ranger Towfish S/N 2414,on,102042-1/K,2414,"Aug 20, 2016",New,2A Service,"Aug 20, 2018",
,REMUS Ranger Towfish S/N 2466,on,102042-1/K,2466,"Aug 20, 2018",New,System Check,"Aug 19, 2020",
,REMUS Ranger Towfish S/N 2876,on,102042-1/K,#2876,"Dec 09, 2024",New,2A,"Dec 08, 2027",
,REMUS Ranger Towfish S/N 2939,on,102042-1/K,#2939,"Dec 05, 2024",New,2A,"Dec 04, 2027",
,REMUS Ranger S/N 1019,on,150521-3-1,1019,"Jul 18, 2018",Operational Check.,2A Ranger Service,"Jul 18, 2020",
,REMUS Ranger #1 - S/N 346 (U/S),,150521-3,#346,"Mar 29, 2019",Offline,,,
,REMUS Ranger #2,on,150521-3,#310,"Dec 22, 2022",Repair,2A Ranger Service,"Dec 22, 2024",
,REMUS Ranger #3 - S/N 319 (U/S),,150521-3,#319,,Offline,,,
,REMUS Ranger S/N 1374,on,150521-3-1,1374,"Jul 31, 2023",Repair,2A Ranger Service,"Jul 30, 2025",
,REMUS Ranger S/N 1375,on,150521-3-1,1375,"Jul 13, 2018",Repair,2A Ranger Service,"Jul 13, 2020",
,REMUS Ranger #1376,on,150521-3-1/M,1376,"Jan 11, 2021",New,2A Service,"Jan 11, 2023",
,REMUS Ranger S/N 1694,on,150521-3-1/R,#1694,"Dec 05, 2024",New,2A,"Dec 04, 2026",
,REMUS Hub Boxes,on,150523,,,,,,
,REMUS HUB Box #1 - S/N 337,on,150523,#337,,,2A Service,"Jun 20, 2014",
,REMUS HUB Box #2 - S/N 366,on,150523A Rev.D1,#366,,,2A Service,"Jun 20, 2014",
,REMUS HUB Box #3 - S/N 348,on,150523A,#348,,,2A Service,"Jun 20, 2014",
,REMUS HUB Box #4 - S/N 1002,on,150523-2,#1002,,,2A Service,"Jun 20, 2014",
,REMUS HuB Box S/N 1163,on,150523-2/D,1163,,,2A Service,"Jun 20, 2014",
,REMUS Hub Box S/N 1157,on,150521-3-1,1157,,,2A Service,"Jun 20, 2014",
,Gateway Buoys,on,,,,,,,
,REMUS Gateway Buoy #1,on,150065-2,#211,"Apr 04, 2022",Repair,2A Gateway Buoy Service,"Apr 04, 2024",
,REMUS Gateway Buoy #2,on,150150-2,#1001,"Apr 04, 2022",Repair,2A Service,"Apr 04, 2024",
,REMUS 100 VCR Systems,on,,,,,,,
,REMUS VCR Camera S/N 1003,on,"PN 151347, Rev B - Assy; Video Camera; R100",1003,"May 01, 2023",Repair and Service,2A VCR Camera Service,"May 01, 2025",
, REMUS VCR Camera S/N 1029,on,"PN 151347, Rev B - Assy; Video Camera; R100",1029,"Jul 01, 2023",Repair and Service,2A VCR Camera Service,"May 01, 2025",
, REMUS Simulator,on,Simulator 2  151617 Rev B,#1020,,,,,
,REMUS Hi Speed Data Cables ,on,156957,N/A,,,,,
,REMUS Power/Data Cables ,on,101924,N/A,,,,,
,REMUS Battery Maintenance Station Assy,on,162561 Rev/C,1106,,,,,
,REMUS Spares,on,,,,,,,
,REMUS Battery Tray - Spare,on,164018,,"Nov 27, 2023",Routine Maintenance Charge - BMS,Routine Maintenance Charge - BMS,,
,Edgetech PORT System,on,,,,,,,
,Seatex MRU Systems,on,,,,,,,
,Fugro GNSS Systems.,on,,,,,,,
,Sidescan Systems,on,,,,,,,
,SeeByte Packages,on,,,,,,,
,Edgetech BATS System,on,,,,,,,
,MURENA Exercise Mine Outfit,on,,,,,,,
,REMUS 300 Systems.,on,,,,,,,
,REMUS 03203 - TANIWHA,on,REMUS 300,03203,"Sep 29, 2022",New,2A Service,"Sep 29, 2024",
,REMUS 03202 - WOLF,on,REMUS 300,03202,"Sep 10, 2024",2A Service,2A Service,"Sep 10, 2026",
,Ancilliary Equipment - REMUS 300,on,,,,,,,
,HUB BOXES,on,,,,,,,
,Hub Box - R300 ,on,165575,#1065,"Sep 29, 2022",New,2A Service,"Sep 29, 2024",
,Hub Box - R300,on,165575,#1064,"Sep 29, 2022",New,2A Service,"Sep 29, 2024",
,Hub Box - R300,on,165575,#1071,"Sep 29, 2022",New,2A Service,"Sep 29, 2024",
,Hub Box - R300,on,165575,#1063,"Sep 29, 2022",New,2A Service,"Sep 29, 2024",
,Hub Box - R300,on,165575,#1062,"Sep 29, 2022",New,2A Service,"Sep 29, 2024",
,Hub Box - R300,on,165575,#1102,"Oct 17, 2024",New,2A Service,"Oct 17, 2026",
,Hub Box - R300,on,165575,#1113,"Oct 17, 2024",New,2A Service,"Oct 17, 2026",
,VACUUM PUMPS,on,169601,,,,,,
,Vacuum Pump - R300,on,169601,#1005*,"Sep 29, 2022",New,2A Service,"Sep 29, 2024",
,Vacuum Pump - R300,on,169601,#1000,"Sep 29, 2022",New,2A Service,"Sep 29, 2024",
,Vacuum Pump - R300,on,169601,#1003,"Sep 29, 2022",New,2A Service,"Sep 29, 2024",
,Vacuum Pump - R300,on,169601,#1004,"Sep 29, 2022",New,2A service,"Sep 29, 2024",
,Vacuum Pump - R300,on,169601,#1002,"Sep 29, 2022",New,2A Service,"Sep 29, 2024",
,Vacuum Pump - R300,on,169601,#1001,"Sep 29, 2022",New,2A Service,"Sep 29, 2024",
,Vacuum Pump - R300,on,169601/D,#1034*,"May 08, 2024",New,2A Service,"May 08, 2026",
,Vacuum Pump - R300,on,169601/D,#1060,"Oct 02, 2024",New,2A Service,"Oct 02, 2026",
,Vacuum Pump - R300,on,169601/D,#1056,"Oct 02, 2024",New,2A Service,"Oct 02, 2026",
,Vacuum Pump - R300,on,169601/D,#1057,"Oct 02, 2024",New,2A Service,"Oct 02, 2026",
,VOYIS CAMERAS,on,171107 - 04,,,,,,
,VOYIS Camera - R300,on,171107-04A,18009904002,"Sep 29, 2022",New,2A Service,"Sep 29, 2024",
,VOYIS Camera - R300,on,171107-04A,18009904003,"Sep 29, 2022",New,2A Service,"Sep 29, 2024",
,VOYIS Camera - R300,on,171107-04A,18009904011,"Oct 20, 2024",New,2A,"Oct 20, 2026",
,VOYIS Camera - R300,on,171107-04A,18009904009,"May 08, 2024",New,2A,"May 07, 2026",
,POWER BOXES,on,151054-4/R,,,,,,
,Power Box - R300,on,151054 - 4/R,#1134,"Sep 29, 2022",New,2A Service,"Sep 29, 2024",
,Power Box - R300,on,151054 - 4/R,#1135,"Sep 29, 2022",New,2A Service,"Sep 29, 2024",
,Power Box - R300,on,151054 - 4/R,#1136,"Sep 29, 2022",New,2A Service,"Sep 29, 2024",
,Power Box - R300,on,151054 - 4/R,#1137,"Sep 29, 2022",New,2A Service,"Sep 29, 2024",
,POWER CABLE KITS,on,170510/B,,,,,,
,Power Cable Kit - R300,on,170510/B,#1001,"Sep 29, 2022",New,2A Service,"Sep 29, 2024",
,Power Cable Kit - R300,on,170510/B,#1002,"Sep 29, 2022",New,2A Service,"Sep 29, 2024",
,Power Cable Kit - R300,on,170510/B,#1003,"Sep 29, 2022",New,2A Service,"Sep 29, 2024",
,Power Cable Kit - R300,on,170510/B,#1004,"Sep 29, 2022",New,2A Service,"Sep 29, 2024",
,BATTERY - 3KW,on,171693-2,,,,,,
,Battery - 3 KW,on,171693-2-04/A,#1001,"Sep 29, 2022",New,2A Service and Condition,"Sep 29, 2024",
,Battery - 3 KW,on,171693-2-04/A,#1002,"Sep 29, 2022",New,2A Service and Condition,"Sep 29, 2024",
,Battery - 3 KW,on,171693-2-04/A,#1003,"Sep 29, 2022",New,2A Service and Condition,"Sep 29, 2024",
,Battery - 3 KW,on,171693-2-04/A,#1004,"Sep 29, 2022",New,2A Service and Condition,"Sep 29, 2024",
,BATTERY - 1.5KW,on,171693-1,,,,,,
, Battery - 1.5KW,on,171693-1-04/A,#1024,"Oct 20, 2023",New,2A Service and Condition,"Oct 20, 2025",
,Battery  - 1.5 KW,on,171693-1-04/A,#1025,"Oct 20, 2023",New,2A Service and Condition,"Oct 20, 2025",
, Battery - 1.5KW,on,171693-1-04/C,#1038,"Jun 03, 2024",New,2A Service and Condition,"Jun 03, 2026",
,Battery - 1.5KW,on,171693-1-04/C,#1039,"Jun 03, 2024",New,2A Service and Condition,"Jun 03, 2026",
,Battery - 1.5KW,on,171693-1-04/D,#1060,"Dec 08, 2024",New,2A Service and Condition,"Dec 08, 2026",
,Battery - 1.5KW,on,171693-1-04/D,#1061,"Dec 09, 2024",New,2A Service and Condition,"Dec 09, 2026",
,RANGERS (Black),on,150521-6-3/R,,,,,,
,Ranger S/N 1595 (Black),on,150521-6-3/R,1595,"Sep 29, 2022",New,2A Service,"Sep 29, 2024",
,Ranger S/N 1612 (Black),on,150521-6-3/R,1612,"Sep 29, 2022",New,2A Service,"Sep 29, 2024",
,Ranger S/N 1616 (Black),on,150521-6-3/R,1616,"Sep 29, 2022",New,2A Service,"Sep 29, 2024",
,Ranger S/N 1594 (Black),on,150521-6-3/R,1594,"Sep 29, 2022",New,2A Service,"Sep 29, 2024",
,Ranger S/N 1639 (Black),on,150521-6-3/R,1639,"Mar 05, 2024",New,2A Service,"Mar 05, 2026",
,Ranger S/N 1687  (Black),on,150521-6-3/R,1687,"Oct 02, 2024",New,2A Service,"Oct 02, 2026",
,TOWFISH,on,102042-1,,,,,,
,Towfish #2928,on,102042-1,#2928,"Sep 29, 2022",New,2A Service,"Sep 29, 2024",
,Towfish #2965,on,102042-1,#2965,"Sep 29, 2022",New,2A Service,"Sep 29, 2024",
,Towfish #2973,on,102042-1,#2973,"Sep 29, 2022",New,2A Service,"Sep 29, 2024",
,Towfish #2981,on,102042-1,#2981,"Sep 29, 2022",New,2A Service,"Sep 29, 2024",
,Towfish #2967,on,102042-1,#2967,"Mar 05, 2024",New,2A Service,"Mar 05, 2026",
,Towfish #3254,on,102042-1,#3254,"Oct 02, 2024",New,2A Service,"Oct 02, 2026",
,TRANSPONDERS,on,102610-2,,,,,,
,Transponder 4A #80057,on,102610-2-1/N,#80057,"Sep 29, 2022",New,2A Service,"Sep 29, 2024",
,Transponder 4B #80058,on,102610-2-2/N,#80058,"Sep 29, 2022",New,2A Service,"Sep 29, 2024",
,Transponder 4C #80055,on,102610-2-3/N,#80055,"Sep 29, 2022",New,2A Service,"Sep 29, 2024",
,Transponder 4D #80088,on,102610-2-4/N,#80088,"Sep 29, 2022",New,2A Service,"Sep 29, 2024",
,Transponder 4E #80081,on,102610-2-5/N,#80081,"Sep 29, 2022",New,2A Service,"Sep 29, 2024",
,Transponder 4F #80087,on,102610-6/N,#80087,"Sep 29, 2022",New,2A Service,"Sep 29, 2024",
,Transponder 4G #80094,on,102610-2-7/N,#80094,"Sep 29, 2022",New,2A Service,"Sep 29, 2024",
,Transponder 4H #80093,on,102610-2-8/N,#80093,"Sep 29, 2022",New,2A Service,"Sep 29, 2024",
,HARD DRIVE ASSEMBLIES - 1TB R300,on,170831/B,,,,,,
,SURFACE COMMS STATIONS,on,170761,,,,,,
,SURFACE COMMS STATION - 1006,on,170762/B,#1006,"May 08, 2024",New,2A Service,"May 08, 2026",
,SURFACE COMMS STATION - 1012,on,170762/B,#1012,"Oct 20, 2024",New,2A Service,"Oct 20, 2026",
,REMUS SIMULATOR ,on,170831/B(CASE ASSM),,,,,,
,REMUS SIMULATOR ,on,172992,#1007,,,,,
,REMUS SIMULATOR,on,172992,#1005,,,,,
,DRY STORAGE CASE,on,171432-3,"#1000,#1001,#1002,#1003,#1015,#03240,",,,,,
,WET STORAGE CASE,on,171431-1,"#1015, #1000,#1001,#1002,#1003,#03240,",,,,,
,MISC SPARES CASE,on,171433,"#1018, #1002,#1003,#1027",,,,,
,ULB-350 PROGRAMMER,on,ULB-350/PRG,PRG00635,,,,,
,GATEWAY BUOY GEN2 GB4A,on,161912-17312X0-A/E,#2191,"May 08, 2024",New,2A Service,"May 08, 2026",
,SCS ANCILLARY CASE,on,169979,"#1014, #1023 ",,,,,
,"CART, GWB, Gen 2",on,159373,N/A,,,,,
,REMUS 03204 - DART,on,REMUS 300,03204,"Sep 29, 2022",New,2A Service,"Sep 29, 2024",
,REMUS 03205 - KRAKEN,on,REMUS 300,03205,"Sep 10, 2024",2A Service,2A Service,"Sep 10, 2026",
,REMUS Tails,on,1/1773-04/A,,,,,,
,REMUS 03218 - WAIMA,on,REMUS 300,03218,"Jun 03, 2024",New,2A Service,"Jun 03, 2026",
,REMUS 03240 - KIWA,on,REMUS 300,#1027,"Oct 02, 2024",New,2A Service,"Oct 02, 2026",
,New Zealand Ocean Technology Ltd,on,,,,,,,
,RNZAF Base Whenuapai,on,,,,,,,
,Scrapped Equipment.,on,,,,,,,
,NZ Police Dive Team,on,,,,,,,
,